{
  "project_info": {
    "project_number": "241326400511",
    "firebase_url": "https://scube-17570.firebaseio.com",
    "project_id": "scube-17570",
    "storage_bucket": "scube-17570.appspot.com"
  },
  "client": [
    {
      "client_info": {
        "mobilesdk_app_id": "1:241326400511:android:85ae1a7b41828ae1",
        "android_client_info": {
          "package_name": "com.example.scubesolutions"
        }
      },
      "oauth_client": [
        {
          "client_id": "241326400511-ahv62deg0tknnd5vc5db1imnrb465dii.apps.googleusercontent.com",
          "client_type": 1,
          "android_info": {
            "package_name": "com.example.scubesolutions",
            "certificate_hash": "fd737e62579f636fcdfd870371707bdad6aeac08"
          }
        },
        {
          "client_id": "241326400511-2c50f0b6hml8qo85gch4vdvbi4nsmgbn.apps.googleusercontent.com",
          "client_type": 3
        }
      ],
      "api_key": [
        {
          "current_key": "AIzaSyCvmOjO7Yp8k52KJtwLvt6n2rlxAIMUD3Y"
        }
      ],
      "services": {
        "analytics_service": {
          "status": 1
        },
        "appinvite_service": {
          "status": 2,
          "other_platform_oauth_client": [
            {
              "client_id": "241326400511-2c50f0b6hml8qo85gch4vdvbi4nsmgbn.apps.googleusercontent.com",
              "client_type": 3
            }
          ]
        },
        "ads_service": {
          "status": 2
        }
      }
    }
  ],
  "configuration_version": "1"
}